strategy,cosine,dice_token,jaccard,sequence_matching,similarity_score,overall_mean
strategy-1,0.5342657821060128,0.4764341733963242,0.3278285406487395,0.48018460212667813,0.4129108899924054,0.446324797654032
strategy-2,0.6625043140379139,0.7178548433466759,0.5741304631277042,0.6692999073989201,0.5914602696805973,0.6430499595183623
strategy-3,0.7632506240188046,0.8155577806433725,0.7052665014829723,0.7572302424305052,0.7016005873512489,0.7485811471853807
